Complication,Model,Accuracy,Precision,Recall,ROC_AUC
HeartDisease,RandomForest,0.7586684011352884,0.22086183282905866,0.6180895015525489,0.7523657327114822
HeartDisease,GradientBoosting,0.9061218858404289,0.5240402108903404,0.039258446438482995,0.82651190999383
HeartDisease,LogisticRegression,0.7236400189214759,0.22417764013454217,0.7860045225418062,0.8250176365008619
Stroke,RandomForest,0.8029801324503311,0.0971323790464122,0.4647296398612175,0.6805326805851617
Stroke,GradientBoosting,0.959429202144434,0.0,0.0,0.80273220115151
Stroke,LogisticRegression,0.7076829076001261,0.0982761988308734,0.7590342901887043,0.801149884276324
Diabetes,RandomForest,0.6612070324818669,,,
Diabetes,GradientBoosting,0.8486242510249132,,,
Diabetes,LogisticRegression,0.645297224850205,,,
